ID,Label
00001.jpg,1
00002.jpg,1
00003.jpg,1
00004.jpg,1
00006.jpg,1
00007.jpg,1
00008.jpg,1
00009.jpg,1
00011.jpg,1
00012.jpg,1
00013.jpg,1
00014.jpg,1
00016.jpg,1
00017.jpg,1
00018.jpg,1
00019.jpg,1
00021.jpg,1
00022.jpg,1
00023.jpg,1
00024.jpg,1
00026.jpg,1
00027.jpg,1
00028.jpg,1
00029.jpg,1
00031.jpg,1
00032.jpg,1
00033.jpg,1
00034.jpg,1
00036.jpg,1
00037.jpg,1
00038.jpg,1
00039.jpg,1
00041.jpg,1
00042.jpg,1
00043.jpg,1
00044.jpg,1
00046.jpg,1
00047.jpg,1
00048.jpg,1
00049.jpg,1
00051.jpg,1
00052.jpg,1
00053.jpg,1
00054.jpg,1
00056.jpg,1
00057.jpg,1
00058.jpg,1
00059.jpg,1
00061.jpg,1
00062.jpg,1
00063.jpg,1
00064.jpg,1
00066.jpg,1
00067.jpg,1
00068.jpg,1
00069.jpg,1
00071.jpg,1
00072.jpg,1
00073.jpg,1
00074.jpg,1
00076.jpg,1
00077.jpg,1
00078.jpg,1
00079.jpg,1
00081.jpg,1
00082.jpg,1
00083.jpg,1
00084.jpg,1
00086.jpg,1
00087.jpg,1
00088.jpg,1
00089.jpg,1
00091.jpg,1
00092.jpg,1
00093.jpg,1
00094.jpg,1
00096.jpg,1
00097.jpg,1
00098.jpg,1
00099.jpg,1
00101.jpg,1
00102.jpg,1
00103.jpg,1
00104.jpg,1
00106.jpg,1
00107.jpg,1
00108.jpg,1
00109.jpg,1
00111.jpg,1
00112.jpg,1
00113.jpg,1
00114.jpg,1
00116.jpg,1
00117.jpg,1
00118.jpg,1
00119.jpg,1
00121.jpg,1
00122.jpg,1
00123.jpg,1
00124.jpg,1
00126.jpg,1
00127.jpg,1
00128.jpg,1
00129.jpg,1
00131.jpg,1
00132.jpg,1
00133.jpg,1
00134.jpg,1
00136.jpg,1
00137.jpg,1
00138.jpg,1
00139.jpg,1
00141.jpg,1
00142.jpg,1
00143.jpg,1
00144.jpg,1
00146.jpg,1
00147.jpg,1
00148.jpg,1
00149.jpg,1
00151.jpg,1
00152.jpg,1
00153.jpg,1
00154.jpg,1
00156.jpg,1
00157.jpg,1
00158.jpg,1
00159.jpg,1
00161.jpg,1
00162.jpg,1
00163.jpg,1
00164.jpg,1
00166.jpg,1
00167.jpg,1
00168.jpg,1
00169.jpg,1
00171.jpg,1
00172.jpg,1
00173.jpg,1
00174.jpg,1
00176.jpg,1
00177.jpg,1
00178.jpg,1
00179.jpg,1
00181.jpg,1
00182.jpg,1
00183.jpg,1
00184.jpg,1
00186.jpg,1
00187.jpg,1
00188.jpg,1
00189.jpg,1
00191.jpg,1
00192.jpg,1
00193.jpg,1
00194.jpg,1
00196.jpg,1
00197.jpg,1
00198.jpg,1
00199.jpg,1
00201.jpg,1
00202.jpg,1
00203.jpg,1
00204.jpg,1
00206.jpg,1
00207.jpg,1
00208.jpg,1
00209.jpg,1
00211.jpg,1
00212.jpg,1
00213.jpg,1
00214.jpg,1
00216.jpg,1
00217.jpg,1
00218.jpg,1
00219.jpg,1
00221.jpg,1
00222.jpg,1
00223.jpg,1
00224.jpg,1
00226.jpg,1
00227.jpg,1
00228.jpg,1
00229.jpg,1
00231.jpg,1
00232.jpg,1
00233.jpg,1
00234.jpg,1
00236.jpg,1
00237.jpg,1
00238.jpg,1
00239.jpg,1
00241.jpg,1
00242.jpg,1
00243.jpg,1
00244.jpg,1
00246.jpg,1
00247.jpg,1
00248.jpg,1
00249.jpg,1
00251.jpg,1
00252.jpg,1
00253.jpg,1
00254.jpg,1
00256.jpg,1
00257.jpg,1
00258.jpg,1
00259.jpg,1
00261.jpg,1
00262.jpg,1
00263.jpg,1
00264.jpg,1
00266.jpg,1
00267.jpg,1
00268.jpg,1
00269.jpg,1
00271.jpg,1
00272.jpg,1
00273.jpg,1
00274.jpg,1
00276.jpg,1
00277.jpg,1
00278.jpg,1
00279.jpg,1
00281.jpg,1
00282.jpg,1
00283.jpg,1
00284.jpg,1
00286.jpg,1
00287.jpg,1
00288.jpg,1
00289.jpg,1
00291.jpg,1
00292.jpg,1
00293.jpg,1
00294.jpg,1
00296.jpg,1
00297.jpg,1
00298.jpg,1
00299.jpg,1
00301.jpg,1
00302.jpg,1
00303.jpg,1
00304.jpg,1
00306.jpg,1
00307.jpg,1
00308.jpg,1
00309.jpg,1
00311.jpg,1
00312.jpg,1
00313.jpg,1
00314.jpg,1
00316.jpg,1
00317.jpg,1
00318.jpg,1
00319.jpg,1
00321.jpg,1
00322.jpg,1
00323.jpg,1
00324.jpg,1
00326.jpg,1
00327.jpg,1
00328.jpg,1
00329.jpg,1
00331.jpg,1
00332.jpg,1
00333.jpg,1
00334.jpg,1
00336.jpg,1
00337.jpg,1
00338.jpg,1
00339.jpg,1
00341.jpg,1
00342.jpg,1
00343.jpg,1
00344.jpg,1
00346.jpg,1
00347.jpg,1
00348.jpg,1
00349.jpg,1
00351.jpg,1
00352.jpg,1
00353.jpg,1
00354.jpg,1
00356.jpg,1
00357.jpg,1
00358.jpg,1
00359.jpg,1
00361.jpg,1
00362.jpg,1
00363.jpg,1
00364.jpg,1
00366.jpg,1
00367.jpg,1
00368.jpg,1
00369.jpg,1
00371.jpg,1
00372.jpg,1
00373.jpg,1
00374.jpg,1
00376.jpg,1
00377.jpg,1
00378.jpg,1
00379.jpg,1
00381.jpg,1
00382.jpg,1
00383.jpg,1
00384.jpg,1
00386.jpg,1
00387.jpg,1
00388.jpg,1
00389.jpg,1
00391.jpg,1
00392.jpg,1
00393.jpg,1
00394.jpg,0
00396.jpg,0
00397.jpg,0
00398.jpg,0
00399.jpg,0
00401.jpg,0
00402.jpg,0
00403.jpg,0
00404.jpg,0
00406.jpg,0
00407.jpg,0
00408.jpg,0
00409.jpg,0
00411.jpg,0
00412.jpg,0
00413.jpg,0
00414.jpg,0
00416.jpg,0
00417.jpg,0
00418.jpg,0
00419.jpg,0
00421.jpg,0
00422.jpg,0
00423.jpg,0
00424.jpg,0
00426.jpg,0
00427.jpg,0
00428.jpg,0
00429.jpg,0
00431.jpg,0
00432.jpg,0
00433.jpg,0
00434.jpg,0
00436.jpg,0
00437.jpg,0
00438.jpg,0
00439.jpg,0
00441.jpg,0
00442.jpg,0
00443.jpg,0
00444.jpg,0
00446.jpg,0
00447.jpg,0
00448.jpg,0
00449.jpg,0
00451.jpg,0
00452.jpg,0
00453.jpg,0
00454.jpg,0
00456.jpg,0
00457.jpg,0
00458.jpg,0
00459.jpg,0
00461.jpg,0
00462.jpg,0
00463.jpg,0
00464.jpg,0
00466.jpg,0
00467.jpg,0
00468.jpg,0
00469.jpg,0
00471.jpg,0
00472.jpg,0
00473.jpg,0
00474.jpg,0
00476.jpg,0
00477.jpg,0
00478.jpg,0
00479.jpg,0
00481.jpg,0
00482.jpg,0
00483.jpg,0
00484.jpg,0
00486.jpg,0
00487.jpg,0
00488.jpg,0
00489.jpg,0
00491.jpg,0
00492.jpg,0
00493.jpg,0
00494.jpg,0
00496.jpg,0
00497.jpg,0
00498.jpg,0
00499.jpg,0
00501.jpg,0
00502.jpg,0
00503.jpg,0
00504.jpg,0
00506.jpg,0
00507.jpg,0
00508.jpg,0
00509.jpg,0
00511.jpg,0
00512.jpg,0
00513.jpg,0
00514.jpg,0
00516.jpg,0
00517.jpg,0
00518.jpg,0
00519.jpg,0
00521.jpg,0
00522.jpg,0
00523.jpg,0
00524.jpg,0
00526.jpg,0
00527.jpg,0
00528.jpg,0
00529.jpg,0
00531.jpg,0
00532.jpg,0
00533.jpg,0
00534.jpg,0
00536.jpg,0
00537.jpg,0
00538.jpg,0
00539.jpg,0
00541.jpg,0
00542.jpg,0
00543.jpg,0
00544.jpg,0
00546.jpg,0
00547.jpg,0
00548.jpg,0
00549.jpg,0
00551.jpg,0
00552.jpg,0
00553.jpg,0
00554.jpg,0
00556.jpg,0
00557.jpg,0
00558.jpg,0
00559.jpg,0
00561.jpg,0
00562.jpg,0
00563.jpg,0
00564.jpg,0
00566.jpg,0
00567.jpg,0
00568.jpg,0
00569.jpg,0
00571.jpg,0
00572.jpg,0
00573.jpg,0
00574.jpg,0
00576.jpg,0
00577.jpg,0
00578.jpg,0
00579.jpg,0
00581.jpg,0
00582.jpg,0
00583.jpg,0
00584.jpg,0
00586.jpg,0
00587.jpg,0
00588.jpg,0
00589.jpg,0
00591.jpg,0
00592.jpg,0
00593.jpg,0
00594.jpg,0
00596.jpg,0
00597.jpg,0
00598.jpg,0
00599.jpg,0
00601.jpg,0
00602.jpg,0
00603.jpg,0
00604.jpg,0
00606.jpg,0
00607.jpg,0
00608.jpg,0
00609.jpg,0
00611.jpg,0
00612.jpg,0
00613.jpg,0
00614.jpg,0
00616.jpg,0
00617.jpg,0
00618.jpg,0
00619.jpg,0
00621.jpg,0
00622.jpg,0
00623.jpg,0
00624.jpg,0
00626.jpg,0
00627.jpg,0
00628.jpg,0
00629.jpg,0
00631.jpg,0
00632.jpg,0
00633.jpg,1
00634.jpg,1
00636.jpg,1
00637.jpg,1
00638.jpg,1
00639.jpg,1
00641.jpg,1
00642.jpg,1
00643.jpg,1
00644.jpg,1
00646.jpg,1
00647.jpg,1
00648.jpg,1
00649.jpg,1
00651.jpg,1
00652.jpg,1
00653.jpg,1
00654.jpg,1
00656.jpg,1
00657.jpg,1
00658.jpg,1
00659.jpg,1
00661.jpg,1
00662.jpg,1
00663.jpg,1
00664.jpg,1
00666.jpg,1
00667.jpg,1
00668.jpg,1
00669.jpg,1
00671.jpg,1
00672.jpg,1
00673.jpg,1
00674.jpg,1
00676.jpg,1
00677.jpg,1
00678.jpg,1
00679.jpg,1
00681.jpg,1
00682.jpg,1
00683.jpg,1
00684.jpg,1
00686.jpg,1
00687.jpg,1
00688.jpg,1
00689.jpg,1
00691.jpg,1
00692.jpg,1
00693.jpg,1
00694.jpg,1
00696.jpg,1
00697.jpg,1
00698.jpg,1
00699.jpg,1
00701.jpg,1
00702.jpg,1
00703.jpg,1
00704.jpg,1
00706.jpg,1
00707.jpg,1
00708.jpg,1
00709.jpg,1
00711.jpg,1
00712.jpg,1
00713.jpg,1
00714.jpg,1
00716.jpg,1
00717.jpg,1
00718.jpg,1
00719.jpg,1
00721.jpg,1
00722.jpg,1
00723.jpg,1
00724.jpg,1
00726.jpg,1
00727.jpg,1
00728.jpg,1
00729.jpg,1
00731.jpg,1
00732.jpg,1
00733.jpg,1
00734.jpg,1
00736.jpg,1
00737.jpg,1
00738.jpg,1
00739.jpg,1
00741.jpg,1
00742.jpg,1
00743.jpg,1
00744.jpg,1
00746.jpg,1
00747.jpg,1
00748.jpg,1
00749.jpg,1
00751.jpg,1
00752.jpg,1
00753.jpg,1
00754.jpg,1
00756.jpg,1
00757.jpg,1
00758.jpg,1
00759.jpg,1
00761.jpg,1
00762.jpg,1
00763.jpg,1
00764.jpg,1
00766.jpg,1
00767.jpg,1
00768.jpg,1
00769.jpg,1
00771.jpg,1
00772.jpg,1
00773.jpg,1
00774.jpg,1
00776.jpg,1
00777.jpg,1
00778.jpg,1
00779.jpg,1
00781.jpg,1
00782.jpg,1
00783.jpg,1
00784.jpg,1
00786.jpg,1
00787.jpg,1
00788.jpg,1
00789.jpg,1
00791.jpg,1
00792.jpg,1
00793.jpg,1
00794.jpg,1
00796.jpg,1
00797.jpg,1
00798.jpg,1
00799.jpg,1
00801.jpg,1
00802.jpg,1
00803.jpg,1
00804.jpg,1
00806.jpg,1
00807.jpg,1
00808.jpg,1
00809.jpg,1
00811.jpg,1
00812.jpg,1
00813.jpg,1
00814.jpg,1
00816.jpg,1
00817.jpg,1
00818.jpg,1
00819.jpg,1
00821.jpg,1
00822.jpg,1
00823.jpg,1
00824.jpg,1
00826.jpg,1
00827.jpg,1
00828.jpg,1
00829.jpg,1
00831.jpg,1
00832.jpg,1
00833.jpg,1
00834.jpg,1
00836.jpg,1
00837.jpg,1
00838.jpg,1
00839.jpg,1
00841.jpg,1
00842.jpg,1
00843.jpg,1
00844.jpg,1
00846.jpg,1
00847.jpg,1
00848.jpg,1
00849.jpg,1
00851.jpg,1
00852.jpg,1
00853.jpg,1
00854.jpg,1
00856.jpg,1
00857.jpg,1
00858.jpg,1
00859.jpg,1
00861.jpg,1
00862.jpg,1
00863.jpg,1
00864.jpg,1
00866.jpg,1
00867.jpg,1
00868.jpg,1
00869.jpg,1
00871.jpg,1
00872.jpg,1
00873.jpg,1
00874.jpg,1
00876.jpg,1
00877.jpg,1
00878.jpg,1
00879.jpg,1
00881.jpg,1
00882.jpg,1
00883.jpg,1
00884.jpg,1
00886.jpg,1
00887.jpg,1
00888.jpg,1
00889.jpg,1
00891.jpg,1
00892.jpg,1
00893.jpg,1
00894.jpg,1
00896.jpg,1
00897.jpg,1
00898.jpg,1
00899.jpg,1
00901.jpg,1
00902.jpg,1
00903.jpg,1
00904.jpg,1
00906.jpg,1
00907.jpg,1
00908.jpg,1
00909.jpg,1
00911.jpg,1
00912.jpg,1
00913.jpg,1
00914.jpg,1
00916.jpg,1
00917.jpg,1
00918.jpg,1
00919.jpg,1
00921.jpg,1
00922.jpg,1
00923.jpg,1
00924.jpg,1
00926.jpg,1
00927.jpg,1
00928.jpg,1
00929.jpg,1
00931.jpg,1
00932.jpg,1
00933.jpg,1
00934.jpg,1
00936.jpg,1
00937.jpg,1
00938.jpg,1
00939.jpg,1
00941.jpg,1
00942.jpg,1
00943.jpg,1
00944.jpg,1
00946.jpg,1
00947.jpg,1
00948.jpg,1
00949.jpg,1
00951.jpg,1
00952.jpg,1
00953.jpg,1
00954.jpg,1
00956.jpg,1
00957.jpg,1
00958.jpg,1
00959.jpg,1
00961.jpg,1
00962.jpg,1
00963.jpg,1
00964.jpg,1
00966.jpg,1
00967.jpg,1
00968.jpg,1
00969.jpg,1
00971.jpg,1
00972.jpg,1
00973.jpg,1
00974.jpg,1
00976.jpg,1
00977.jpg,1
00978.jpg,1
00979.jpg,1
00981.jpg,1
00982.jpg,1
00983.jpg,1
00984.jpg,1
00986.jpg,1
00987.jpg,1
00988.jpg,1
00989.jpg,1
00991.jpg,1
00992.jpg,1
00993.jpg,1
00994.jpg,1
00996.jpg,1
00997.jpg,1
00998.jpg,1
00999.jpg,1
01001.jpg,1
01002.jpg,1
01003.jpg,1
01004.jpg,1
01006.jpg,1
01007.jpg,1
01008.jpg,1
01009.jpg,1
01011.jpg,1
01012.jpg,1
01013.jpg,1
01014.jpg,1
01016.jpg,1
01017.jpg,1
01018.jpg,1
01019.jpg,1
01021.jpg,1
01022.jpg,1
01023.jpg,1
01024.jpg,1
01026.jpg,1
01027.jpg,1
01028.jpg,1
01029.jpg,1
01031.jpg,1
01032.jpg,1
01033.jpg,1
01034.jpg,1
01036.jpg,1
01037.jpg,1
01038.jpg,1
01039.jpg,1
01041.jpg,1
01042.jpg,1
01043.jpg,1
01044.jpg,1
01046.jpg,1
01047.jpg,1
01048.jpg,1
01049.jpg,1
01051.jpg,1
01052.jpg,1
01053.jpg,1
01054.jpg,1
01056.jpg,1
01057.jpg,1
01058.jpg,1
01059.jpg,1
01061.jpg,1
01062.jpg,1
01063.jpg,1
01064.jpg,1
01066.jpg,1
01067.jpg,1
01068.jpg,1
01069.jpg,1
01071.jpg,1
01072.jpg,1
01073.jpg,1
01074.jpg,1
01076.jpg,1
01077.jpg,1
01078.jpg,1
01079.jpg,1
01081.jpg,1
01082.jpg,1
01083.jpg,1
01084.jpg,1
01086.jpg,1
01087.jpg,1
01088.jpg,1
01089.jpg,1
01091.jpg,1
01092.jpg,1
01093.jpg,1
01094.jpg,1
01096.jpg,1
01097.jpg,1
01098.jpg,1
01099.jpg,1
01101.jpg,1
01102.jpg,1
01103.jpg,1
01104.jpg,1
01106.jpg,1
01107.jpg,1
01108.jpg,1
01109.jpg,1
01111.jpg,1
01112.jpg,1
01113.jpg,1
01114.jpg,1
01116.jpg,1
01117.jpg,1
01118.jpg,1
01119.jpg,1
01121.jpg,1
01122.jpg,1
01123.jpg,1
01124.jpg,1
01126.jpg,1
01127.jpg,1
01128.jpg,1
01129.jpg,1
01131.jpg,1
01132.jpg,1
01133.jpg,1
01134.jpg,1
01136.jpg,1
01137.jpg,1
01138.jpg,1
01139.jpg,1
01141.jpg,1
01142.jpg,1
01143.jpg,1
01144.jpg,1
01146.jpg,1
01147.jpg,1
01148.jpg,1
01149.jpg,1
01151.jpg,1
01152.jpg,1
01153.jpg,1
01154.jpg,1
01156.jpg,1
01157.jpg,1
01158.jpg,1
01159.jpg,1
01161.jpg,1
01162.jpg,1
01163.jpg,1
01164.jpg,1
01166.jpg,1
01167.jpg,1
01168.jpg,1
01169.jpg,1
01171.jpg,1
01172.jpg,1
01173.jpg,1
01174.jpg,1
01176.jpg,1
01177.jpg,1
01178.jpg,1
01179.jpg,1
01181.jpg,1
01182.jpg,1
01183.jpg,1
01184.jpg,1
01186.jpg,1
01187.jpg,1
01188.jpg,1
01189.jpg,1
01191.jpg,1
01192.jpg,1
01193.jpg,1
01194.jpg,1
01196.jpg,1
01197.jpg,1
01198.jpg,1
01199.jpg,1
01201.jpg,1
01202.jpg,1
01203.jpg,1
01204.jpg,1
01206.jpg,1
01207.jpg,1
01208.jpg,1
01209.jpg,1
01211.jpg,1
01212.jpg,1
01213.jpg,1
01214.jpg,1
01216.jpg,1
01217.jpg,1
01218.jpg,1
01219.jpg,1
01221.jpg,1
01222.jpg,1
01223.jpg,1
01224.jpg,1
01226.jpg,1
01227.jpg,1
01228.jpg,1
01229.jpg,1
01231.jpg,1
01232.jpg,1
01233.jpg,1
01234.jpg,1
01236.jpg,1
01237.jpg,1
01238.jpg,1
01239.jpg,1
01241.jpg,1
01242.jpg,1
01243.jpg,1
01244.jpg,1
01246.jpg,1
01247.jpg,1
01248.jpg,1
01249.jpg,1
01251.jpg,1
01252.jpg,1
01253.jpg,1
01254.jpg,1
01256.jpg,1
01257.jpg,1
01258.jpg,1
01259.jpg,1
01261.jpg,1
01262.jpg,1
01263.jpg,1
01264.jpg,1
01266.jpg,1
01267.jpg,1
01268.jpg,1
01269.jpg,1
01271.jpg,1
01272.jpg,1
01273.jpg,1
01274.jpg,1
01276.jpg,1
01277.jpg,1
01278.jpg,1
01279.jpg,1
01281.jpg,1
01282.jpg,1
01283.jpg,1
01284.jpg,1
01286.jpg,1
01287.jpg,1
01288.jpg,1
01289.jpg,1
01291.jpg,1
01292.jpg,1
01293.jpg,1
01294.jpg,1
01296.jpg,1
01297.jpg,1
01298.jpg,1
01299.jpg,1
01301.jpg,1
01302.jpg,1
01303.jpg,1
01304.jpg,1
01306.jpg,1
01307.jpg,1
01308.jpg,1
01309.jpg,1
01311.jpg,1
01312.jpg,1
01313.jpg,1
01314.jpg,1
01316.jpg,1
01317.jpg,1
01318.jpg,1
01319.jpg,1
01321.jpg,1
01322.jpg,1
01323.jpg,1
01324.jpg,1
01326.jpg,1
01327.jpg,1
01328.jpg,1
01329.jpg,1
01331.jpg,1
01332.jpg,1
01333.jpg,1
01334.jpg,1
01336.jpg,1
01337.jpg,1
01338.jpg,1
01339.jpg,1
01341.jpg,1
01342.jpg,1
01343.jpg,1
01344.jpg,1
01346.jpg,1
01347.jpg,1
01348.jpg,1
01349.jpg,1
01351.jpg,1
01352.jpg,1
01353.jpg,1
01354.jpg,1
01356.jpg,1
01357.jpg,1
01358.jpg,1
01359.jpg,1
01361.jpg,1
01362.jpg,1
01363.jpg,1
01364.jpg,1
01366.jpg,1
01367.jpg,1
01368.jpg,1
01369.jpg,1
01371.jpg,1
01372.jpg,1
01373.jpg,1
01374.jpg,1
01376.jpg,1
01377.jpg,1
01378.jpg,1
01379.jpg,1
01381.jpg,1
01382.jpg,1
01383.jpg,1
01384.jpg,1
01386.jpg,1
01387.jpg,1
01388.jpg,1
01389.jpg,1
01391.jpg,1
01392.jpg,1
01393.jpg,1
01394.jpg,1
01396.jpg,1
01397.jpg,1
01398.jpg,1
01399.jpg,1
01401.jpg,1
01402.jpg,1
01403.jpg,1
01404.jpg,1
01406.jpg,1
01407.jpg,1
01408.jpg,1
01409.jpg,1
01411.jpg,1
01412.jpg,1
01413.jpg,1
01414.jpg,1
01416.jpg,1
01417.jpg,1
01418.jpg,1
01419.jpg,1
01421.jpg,1
01422.jpg,1
01423.jpg,1
01424.jpg,1
01426.jpg,1
01427.jpg,1
01428.jpg,1
01429.jpg,1
01431.jpg,1
01432.jpg,1
01433.jpg,1
01434.jpg,1
01436.jpg,1
01437.jpg,1
01438.jpg,1
01439.jpg,1
01441.jpg,1
01442.jpg,1
01443.jpg,1
01444.jpg,1
01446.jpg,1
01447.jpg,1
01448.jpg,1
01449.jpg,1
01451.jpg,1
01452.jpg,1
01453.jpg,1
01454.jpg,1
01456.jpg,1
01457.jpg,1
01458.jpg,1
01459.jpg,1
01461.jpg,1
01462.jpg,1
01463.jpg,1
01464.jpg,1
01466.jpg,1
01467.jpg,1
01468.jpg,1
01469.jpg,1
01471.jpg,1
01472.jpg,1
01473.jpg,1
01474.jpg,1
01476.jpg,1
01477.jpg,1
01478.jpg,1
01479.jpg,1
01481.jpg,1
01482.jpg,1
01483.jpg,1
01484.jpg,1
01486.jpg,1
01487.jpg,1
01488.jpg,1
01489.jpg,1
01491.jpg,1
01492.jpg,1
01493.jpg,1
01494.jpg,1
01496.jpg,1
01497.jpg,1
01498.jpg,1
01499.jpg,1
01501.jpg,1
01502.jpg,1
01503.jpg,1
01504.jpg,1
01506.jpg,1
01507.jpg,1
01508.jpg,1
01509.jpg,1
01511.jpg,1
01512.jpg,1
01513.jpg,1
01514.jpg,1
01516.jpg,1
01517.jpg,1
01518.jpg,1
01519.jpg,1
01521.jpg,1
01522.jpg,1
01523.jpg,1
01524.jpg,1
01526.jpg,1
01527.jpg,1
01528.jpg,1
01529.jpg,1
01531.jpg,1
01532.jpg,1
01533.jpg,1
01534.jpg,1
01536.jpg,1
01537.jpg,1
01538.jpg,1
01539.jpg,1
01541.jpg,1
01542.jpg,1
01543.jpg,1
01544.jpg,1
01546.jpg,1
01547.jpg,1
01548.jpg,1
01549.jpg,1
01551.jpg,1
01552.jpg,1
01553.jpg,1
01554.jpg,1
01556.jpg,1
01557.jpg,1
01558.jpg,1
01559.jpg,1
01561.jpg,1
01562.jpg,1
01563.jpg,1
01564.jpg,1
01566.jpg,1
01567.jpg,1
01568.jpg,1
01569.jpg,1
01571.jpg,1
01572.jpg,1
01573.jpg,1
01574.jpg,1
01576.jpg,1
01577.jpg,1
01578.jpg,1
01579.jpg,1
01581.jpg,1
01582.jpg,1
01583.jpg,1
01584.jpg,1
01586.jpg,1
01587.jpg,1
01588.jpg,1
01589.jpg,1
01591.jpg,1
01592.jpg,1
01593.jpg,1
01594.jpg,1
01596.jpg,1
01597.jpg,1
01598.jpg,1
01599.jpg,1
01601.jpg,1
01602.jpg,1
01603.jpg,1
01604.jpg,1
01606.jpg,1
01607.jpg,1
01608.jpg,1
01609.jpg,1
01611.jpg,1
01612.jpg,1
01613.jpg,1
01614.jpg,1
01616.jpg,1
01617.jpg,1
01618.jpg,1
01619.jpg,1
01621.jpg,1
01622.jpg,1
01623.jpg,1
01624.jpg,1
01626.jpg,1
01627.jpg,1
01628.jpg,1
01629.jpg,1
01631.jpg,1
01632.jpg,1
01633.jpg,1
01634.jpg,1
01636.jpg,1
01637.jpg,1
01638.jpg,1
01639.jpg,1
01641.jpg,1
01642.jpg,1
01643.jpg,1
01644.jpg,1
01646.jpg,1
01647.jpg,1
01648.jpg,1
01649.jpg,1
01651.jpg,1
01652.jpg,1
01653.jpg,1
01654.jpg,1
01656.jpg,1
01657.jpg,1
01658.jpg,1
01659.jpg,1
01661.jpg,1
01662.jpg,1
01663.jpg,1
01664.jpg,1
01666.jpg,1
01667.jpg,1
01668.jpg,1
01669.jpg,1
01671.jpg,1
01672.jpg,1
01673.jpg,1
01674.jpg,1
01676.jpg,1
01677.jpg,1
01678.jpg,1
01679.jpg,1
01681.jpg,1
01682.jpg,1
01683.jpg,1
01684.jpg,1
01686.jpg,1
01687.jpg,1
01688.jpg,1
01689.jpg,1
01691.jpg,1
01692.jpg,1
01693.jpg,1
01694.jpg,1
01696.jpg,1
01697.jpg,1
01698.jpg,1
01699.jpg,1
01701.jpg,1
01702.jpg,1
01703.jpg,1
01704.jpg,1
01706.jpg,1
01707.jpg,1
01708.jpg,1
01709.jpg,1
01711.jpg,1
01712.jpg,1
01713.jpg,1
01714.jpg,1
01716.jpg,1
01717.jpg,1
01718.jpg,1
01719.jpg,1
01721.jpg,1
01722.jpg,1
01723.jpg,1
01724.jpg,1
01726.jpg,1
01727.jpg,1
01728.jpg,1
01729.jpg,1
01731.jpg,1
01732.jpg,1
01733.jpg,1
01734.jpg,1
01736.jpg,1
01737.jpg,1
01738.jpg,1
01739.jpg,1
01741.jpg,1
01742.jpg,1
01743.jpg,1
01744.jpg,1
01746.jpg,1
01747.jpg,1
01748.jpg,1
01749.jpg,1
01751.jpg,1
01752.jpg,1
01753.jpg,1
01754.jpg,1
01756.jpg,1
01757.jpg,1
01758.jpg,1
01759.jpg,1
01761.jpg,1
01762.jpg,1
01763.jpg,1
01764.jpg,1
01766.jpg,1
01767.jpg,1
01768.jpg,1
01769.jpg,1
01771.jpg,1
01772.jpg,1
01773.jpg,1
01774.jpg,1
01776.jpg,1
01777.jpg,1
01778.jpg,1
01779.jpg,1
01781.jpg,1
01782.jpg,1
01783.jpg,1
01784.jpg,1
01786.jpg,1
01787.jpg,1
01788.jpg,1
01789.jpg,1
01791.jpg,1
01792.jpg,1
01793.jpg,1
01794.jpg,1
01796.jpg,1
01797.jpg,1
01798.jpg,1
01799.jpg,1
01801.jpg,1
01802.jpg,1
01803.jpg,1
01804.jpg,1
01806.jpg,1
01807.jpg,1
01808.jpg,1
01809.jpg,1
01811.jpg,1
01812.jpg,1
01813.jpg,1
01814.jpg,1
